UID,p_LVD
U00005,0.5
U00006,0.5
U00009,0.5
U00010,0.5
U00024,0.5
U00025,0.5
U00028,0.5
U00029,0.5
U00032,0.5
U00033,0.5
U00036,0.5
U00037,0.5
U00041,0.5
U00042,0.5
U00046,0.5
U00047,0.5
U00050,0.5
U00051,0.5
U00062,0.5
U00063,0.5
U00066,0.5
U00067,0.5
U00070,0.5
U00071,0.5
U00074,0.5
U00075,0.5
U00078,0.5
U00079,0.5
U00083,0.5
U00084,0.5
U00087,0.5
U00088,0.5
U00091,0.5
U00092,0.5
U00095,0.5
U00096,0.5
U00104,0.5
U00105,0.5
U00108,0.5
U00109,0.5
U00112,0.5
U00113,0.5
U00116,0.5
U00117,0.5
U00121,0.5
U00122,0.5
U00125,0.5
U00126,0.5
U00129,0.5
U00130,0.5
U00134,0.5
U00135,0.5
U00139,0.5
U00140,0.5
U00143,0.5
U00144,0.5
U00147,0.5
U00148,0.5
U00152,0.5
U00153,0.5
U00157,0.5
U00158,0.5
U00161,0.5
U00162,0.5
U00166,0.5
U00167,0.5
U00178,0.5
U00179,0.5
U00182,0.5
U00183,0.5
U00188,0.5
U00189,0.5
U00192,0.5
U00193,0.5
U00197,0.5
U00198,0.5
U00201,0.5
U00202,0.5
U00207,0.5
U00208,0.5
U00211,0.5
U00212,0.5
U00216,0.5
U00217,0.5
U00221,0.5
U00222,0.5
U00225,0.5
U00226,0.5
U00229,0.5
U00230,0.5
U00233,0.5
U00234,0.5
U00237,0.5
U00238,0.5
U00241,0.5
U00242,0.5
U00245,0.5
U00246,0.5
U00249,0.5
U00250,0.5
U00255,0.5
U00256,0.5
U00259,0.5
U00260,0.5
U00263,0.5
U00264,0.5
U00267,0.5
U00268,0.5
U00281,0.5
U00282,0.5
U00285,0.5
U00286,0.5
U00289,0.5
U00290,0.5
U00294,0.5
U00295,0.5
U00299,0.5
U00300,0.5
U00303,0.5
U00304,0.5
U00307,0.5
U00308,0.5
U00316,0.5
U00317,0.5
U00321,0.5
U00322,0.5
U00331,0.5
U00332,0.5
U00335,0.5
U00336,0.5
U00339,0.5
U00340,0.5
U00344,0.5
U00345,0.5
U00348,0.5
U00349,0.5
U00353,0.5
U00354,0.5
U00358,0.5
U00359,0.5
U00369,0.5
U00370,0.5
U00373,0.5
U00374,0.5
U00382,0.5
U00383,0.5
U00386,0.5
U00387,0.5
U00390,0.5
U00391,0.5
U00398,0.5
U00399,0.5
U00403,0.5
U00404,0.5
U00412,0.5
U00413,0.5
U00421,0.5
U00422,0.5
U00430,0.5
U00431,0.5
U00435,0.5
U00436,0.5
U00440,0.5
U00441,0.5
U00444,0.5
U00445,0.5
U00456,0.5
U00457,0.5
U00460,0.5
U00461,0.5
U00464,0.5
U00465,0.5
U00469,0.5
U00470,0.5
U00473,0.5
U00474,0.5
U00477,0.5
U00478,0.5
U00481,0.5
U00482,0.5
U00485,0.5
U00486,0.5
U00489,0.5
U00490,0.5
U00495,0.5
U00496,0.5
U00499,0.5
U00500,0.5
U00504,0.5
U00505,0.5
U00508,0.5
U00509,0.5
U00512,0.5
U00513,0.5
U00516,0.5
U00517,0.5
U00524,0.5
U00525,0.5
U00529,0.5
U00530,0.5
U00534,0.5
U00535,0.5
U00538,0.5
U00539,0.5
U00542,0.5
U00543,0.5
U00546,0.5
U00547,0.5
U00550,0.5
U00551,0.5
U00554,0.5
U00555,0.5
U00558,0.5
U00559,0.5
U00562,0.5
U00563,0.5
U00568,0.5
U00569,0.5
U00572,0.5
U00573,0.5
U00576,0.5
U00577,0.5
U00582,0.5
U00583,0.5
U00587,0.5
U00588,0.5
U00591,0.5
U00592,0.5
U00595,0.5
U00596,0.5
U00599,0.5
U00600,0.5
U00604,0.5
U00605,0.5
U00608,0.5
U00609,0.5
U00612,0.5
U00613,0.5
U00621,0.5
U00622,0.5
U00625,0.5
U00626,0.5
U00631,0.5
U00632,0.5
U00636,0.5
U00637,0.5
U00641,0.5
U00642,0.5
U00645,0.5
U00646,0.5
U00654,0.5
U00655,0.5
U00660,0.5
U00661,0.5
U00668,0.5
U00669,0.5
U00672,0.5
U00673,0.5
U00676,0.5
U00677,0.5
U00680,0.5
U00681,0.5
U00685,0.5
U00686,0.5
U00689,0.5
U00690,0.5
U00702,0.5
U00703,0.5
U00706,0.5
U00707,0.5
U00711,0.5
U00712,0.5
U00720,0.5
U00721,0.5
U00724,0.5
U00725,0.5
U00729,0.5
U00730,0.5
U00734,0.5
U00735,0.5
U00738,0.5
U00739,0.5
U00743,0.5
U00744,0.5
U00747,0.5
U00748,0.5
U00752,0.5
U00753,0.5
U00758,0.5
U00759,0.5
U00764,0.5
U00765,0.5
U00768,0.5
U00769,0.5
U00777,0.5
U00778,0.5
U00781,0.5
U00782,0.5
U00786,0.5
U00787,0.5
U00790,0.5
U00791,0.5
U00803,0.5
U00804,0.5
U00809,0.5
U00810,0.5
U00814,0.5
U00815,0.5
U00818,0.5
U00819,0.5
U00826,0.5
U00827,0.5
U00830,0.5
U00831,0.5
U00835,0.5
U00836,0.5
U00841,0.5
U00842,0.5
U00849,0.5
U00850,0.5
U00859,0.5
U00860,0.5
U00865,0.5
U00866,0.5
U00869,0.5
U00870,0.5
U00877,0.5
U00878,0.5
U00883,0.5
U00884,0.5
U00887,0.5
U00888,0.5
U00891,0.5
U00892,0.5
U00904,0.5
U00905,0.5
U00909,0.5
U00910,0.5
U00915,0.5
U00916,0.5
U00924,0.5
U00925,0.5
U00928,0.5
U00929,0.5
U00932,0.5
U00933,0.5
U00936,0.5
U00937,0.5
U00940,0.5
U00941,0.5
U00944,0.5
U00945,0.5
U00953,0.5
U00954,0.5
U00958,0.5
U00959,0.5
U00964,0.5
U00965,0.5
U00968,0.5
U00969,0.5
U00973,0.5
U00974,0.5
U00977,0.5
U00978,0.5
U00985,0.5
U00986,0.5
U00996,0.5
U00997,0.5
U01005,0.5
U01006,0.5
U01010,0.5
U01011,0.5
U01014,0.5
U01015,0.5
U01023,0.5
U01024,0.5
U01028,0.5
U01029,0.5
U01033,0.5
U01034,0.5
U01038,0.5
U01039,0.5
U01044,0.5
U01045,0.5
U01049,0.5
U01050,0.5
U01053,0.5
U01054,0.5
U01057,0.5
U01058,0.5
U01061,0.5
U01062,0.5
U01070,0.5
U01071,0.5
U01075,0.5
U01076,0.5
U01084,0.5
U01085,0.5
U01093,0.5
U01094,0.5
U01097,0.5
U01098,0.5
U01107,0.5
U01108,0.5
U01111,0.5
U01112,0.5
U01116,0.5
U01117,0.5
U01125,0.5
U01126,0.5
U01129,0.5
U01130,0.5
U01133,0.5
U01134,0.5
U01137,0.5
U01138,0.5
U01143,0.5
U01144,0.5
U01151,0.5
U01152,0.5
U01156,0.5
U01157,0.5
U01160,0.5
U01161,0.5
U01166,0.5
U01167,0.5
U01175,0.5
U01176,0.5
U01179,0.5
U01180,0.5
U01184,0.5
U01185,0.5
U01189,0.5
U01190,0.5
U01193,0.5
U01194,0.5
U01197,0.5
U01198,0.5
U01201,0.5
U01202,0.5
U01210,0.5
U01211,0.5
U01214,0.5
U01215,0.5
U01218,0.5
U01219,0.5
U01223,0.5
U01224,0.5
U01227,0.5
U01228,0.5
U01232,0.5
U01233,0.5
U01237,0.5
U01238,0.5
U01241,0.5
U01242,0.5
U01246,0.5
U01247,0.5
U01250,0.5
U01251,0.5
U01255,0.5
U01256,0.5
U01261,0.5
U01262,0.5
U01266,0.5
U01267,0.5
U01270,0.5
U01271,0.5
U01274,0.5
U01275,0.5
U01278,0.5
U01279,0.5
U01284,0.5
U01285,0.5
U01288,0.5
U01289,0.5
U01292,0.5
U01293,0.5
U01297,0.5
U01298,0.5
U01303,0.5
U01304,0.5
U01308,0.5
U01309,0.5
U01313,0.5
U01314,0.5
U01317,0.5
U01318,0.5
U01321,0.5
U01322,0.5
U01325,0.5
U01326,0.5
U01329,0.5
U01330,0.5
U01333,0.5
U01334,0.5
U01337,0.5
U01338,0.5
U01341,0.5
U01342,0.5
U01345,0.5
U01346,0.5
U01349,0.5
U01350,0.5
U01353,0.5
U01354,0.5
U01363,0.5
U01364,0.5
U01367,0.5
U01368,0.5
U01372,0.5
U01373,0.5
U01376,0.5
U01377,0.5
U01380,0.5
U01381,0.5
U01385,0.5
U01386,0.5
U01389,0.5
U01390,0.5
U01395,0.5
U01396,0.5
U01400,0.5
U01401,0.5
U01405,0.5
U01406,0.5
U01409,0.5
U01410,0.5
U01415,0.5
U01416,0.5
U01420,0.5
U01421,0.5
U01425,0.5
U01426,0.5
U01430,0.5
U01431,0.5
U01435,0.5
U01436,0.5
U01439,0.5
U01440,0.5
U01443,0.5
U01444,0.5
U01449,0.5
U01450,0.5
U01455,0.5
U01456,0.5
U01463,0.5
U01464,0.5
U01467,0.5
U01468,0.5
U01472,0.5
U01473,0.5
U01478,0.5
U01479,0.5
U01482,0.5
U01483,0.5
U01488,0.5
U01489,0.5
U01497,0.5
U01498,0.5
U01501,0.5
U01502,0.5
U01505,0.5
U01506,0.5
U01511,0.5
U01512,0.5
U01515,0.5
U01516,0.5
U01519,0.5
U01520,0.5
U01529,0.5
U01530,0.5
U01533,0.5
U01534,0.5
U01537,0.5
U01538,0.5
U01547,0.5
U01548,0.5
U01552,0.5
U01553,0.5
U01557,0.5
U01558,0.5
U01561,0.5
U01562,0.5
U01569,0.5
U01570,0.5
U01573,0.5
U01574,0.5
U01578,0.5
U01579,0.5
U01582,0.5
U01583,0.5
U01586,0.5
U01587,0.5
U01590,0.5
U01591,0.5
U01594,0.5
U01595,0.5
U01603,0.5
U01604,0.5
U01607,0.5
U01608,0.5
U01616,0.5
U01617,0.5
U01621,0.5
U01622,0.5
U01636,0.5
U01637,0.5
U01640,0.5
U01641,0.5
U01644,0.5
U01645,0.5
U01648,0.5
U01649,0.5
U01653,0.5
U01654,0.5
U01666,0.5
U01667,0.5
U01670,0.5
U01671,0.5
U01674,0.5
U01675,0.5
U01679,0.5
U01680,0.5
U01683,0.5
U01684,0.5
U01689,0.5
U01690,0.5
U01693,0.5
U01694,0.5
U01699,0.5
U01700,0.5
U01703,0.5
U01704,0.5
U01708,0.5
U01709,0.5
U01712,0.5
U01713,0.5
U01720,0.5
U01721,0.5
U01724,0.5
U01725,0.5
U01735,0.5
U01736,0.5
U01739,0.5
U01740,0.5
U01745,0.5
U01746,0.5
U01750,0.5
U01751,0.5
U01756,0.5
U01757,0.5
U01761,0.5
U01762,0.5
U01765,0.5
U01766,0.5
U01770,0.5
U01771,0.5
U01774,0.5
U01775,0.5
U01779,0.5
U01780,0.5
U01783,0.5
U01784,0.5
U01787,0.5
U01788,0.5
U01791,0.5
U01792,0.5
U01795,0.5
U01796,0.5
U01800,0.5
U01801,0.5
U01804,0.5
U01805,0.5
U01808,0.5
U01809,0.5
U01813,0.5
U01814,0.5
U01818,0.5
U01819,0.5
U01822,0.5
U01823,0.5
U01830,0.5
U01831,0.5
U01834,0.5
U01835,0.5
U01839,0.5
U01840,0.5
U01843,0.5
U01844,0.5
U01849,0.5
U01850,0.5
U01853,0.5
U01854,0.5
U01859,0.5
U01860,0.5
U01863,0.5
U01864,0.5
U01867,0.5
U01868,0.5
U01872,0.5
U01873,0.5
U01876,0.5
U01877,0.5
U01885,0.5
U01886,0.5
U01891,0.5
U01892,0.5
U01895,0.5
U01896,0.5
U01899,0.5
U01900,0.5
U01904,0.5
U01905,0.5
U01908,0.5
U01909,0.5
U01918,0.5
U01919,0.5
U01924,0.5
U01925,0.5
U01936,0.5
U01937,0.5
U01945,0.5
U01946,0.5
U01950,0.5
U01951,0.5
U01954,0.5
U01955,0.5
U01958,0.5
U01959,0.5
U01963,0.5
U01964,0.5
U01967,0.5
U01968,0.5
U01972,0.5
U01973,0.5
U01976,0.5
U01977,0.5
U01981,0.5
U01982,0.5
U01985,0.5
U01986,0.5
U01990,0.5
U01991,0.5
U01994,0.5
U01995,0.5
U01998,0.5
U01999,0.5
U02006,0.5
U02007,0.5
U02011,0.5
U02012,0.5
U02015,0.5
U02016,0.5
U02019,0.5
U02020,0.5
U02023,0.5
U02024,0.5
U02027,0.5
U02028,0.5
U02031,0.5
U02032,0.5
U02036,0.5
U02037,0.5
U02041,0.5
U02042,0.5
U02045,0.5
U02046,0.5
U02049,0.5
U02050,0.5
U02053,0.5
U02054,0.5
U02057,0.5
U02058,0.5
U02065,0.5
U02066,0.5
U02069,0.5
U02070,0.5
U02073,0.5
U02074,0.5
U02078,0.5
U02079,0.5
U02082,0.5
U02083,0.5
U02086,0.5
U02087,0.5
U02090,0.5
U02091,0.5
U02095,0.5
U02096,0.5
U02101,0.5
U02102,0.5
U02105,0.5
U02106,0.5
U02110,0.5
U02111,0.5
U02116,0.5
U02117,0.5
U02120,0.5
U02121,0.5
U02124,0.5
U02125,0.5
U02129,0.5
U02130,0.5
U02133,0.5
U02134,0.5
U02142,0.5
U02143,0.5
U02147,0.5
U02148,0.5
U02152,0.5
U02153,0.5
U02156,0.5
U02157,0.5
U02161,0.5
U02162,0.5
U02171,0.5
U02172,0.5
U02175,0.5
U02176,0.5
U02181,0.5
U02182,0.5
U02192,0.5
U02193,0.5
U02196,0.5
U02197,0.5
U02204,0.5
U02205,0.5
U02210,0.5
U02211,0.5
U02214,0.5
U02215,0.5
U02218,0.5
U02219,0.5
U02223,0.5
U02224,0.5
U02228,0.5
U02229,0.5
U02232,0.5
U02233,0.5
U02236,0.5
U02237,0.5
U02240,0.5
U02241,0.5
U02244,0.5
U02245,0.5
U02249,0.5
U02250,0.5
U02253,0.5
U02254,0.5
U02265,0.5
U02266,0.5
U02270,0.5
U02271,0.5
U02275,0.5
U02276,0.5
U02279,0.5
U02280,0.5
U02284,0.5
U02285,0.5
U02288,0.5
U02289,0.5
U02292,0.5
U02293,0.5
U02297,0.5
U02298,0.5
U02301,0.5
U02302,0.5
U02306,0.5
U02307,0.5
U02311,0.5
U02312,0.5
U02315,0.5
U02316,0.5
U02320,0.5
U02321,0.5
U02325,0.5
U02326,0.5
U02329,0.5
U02330,0.5
U02338,0.5
U02339,0.5
U02342,0.5
U02343,0.5
U02348,0.5
U02349,0.5
U02357,0.5
U02358,0.5
U02361,0.5
U02362,0.5
U02366,0.5
U02367,0.5
U02370,0.5
U02371,0.5
U02374,0.5
U02375,0.5
U02378,0.5
U02379,0.5
U02383,0.5
U02384,0.5
U02387,0.5
U02388,0.5
U02400,0.5
U02401,0.5
U02404,0.5
U02405,0.5
U02409,0.5
U02410,0.5
U02413,0.5
U02414,0.5
U02417,0.5
U02418,0.5
U02421,0.5
U02422,0.5
U02427,0.5
U02428,0.5
U02431,0.5
U02432,0.5
U02435,0.5
U02436,0.5
U02439,0.5
U02440,0.5
U02443,0.5
U02444,0.5
U02447,0.5
U02448,0.5
U02451,0.5
U02452,0.5
U02455,0.5
U02456,0.5
U02459,0.5
U02460,0.5
U02468,0.5
U02469,0.5
U02476,0.5
U02477,0.5
U02480,0.5
U02481,0.5
U02484,0.5
U02485,0.5
U02492,0.5
U02493,0.5
U02502,0.5
U02503,0.5
U02507,0.5
U02508,0.5
U02511,0.5
U02512,0.5
U02516,0.5
U02517,0.5
U02521,0.5
U02522,0.5
U02527,0.5
U02528,0.5
U02535,0.5
U02536,0.5
U02539,0.5
U02540,0.5
U02543,0.5
U02544,0.5
U02549,0.5
U02550,0.5
U02553,0.5
U02554,0.5
U02557,0.5
U02558,0.5
U02562,0.5
U02563,0.5
U02566,0.5
U02567,0.5
U02570,0.5
U02571,0.5
U02580,0.5
U02581,0.5
U02584,0.5
U02585,0.5
U02588,0.5
U02589,0.5
U02594,0.5
U02595,0.5
U02598,0.5
U02599,0.5
U02602,0.5
U02603,0.5
U02607,0.5
U02608,0.5
U02618,0.5
U02619,0.5
U02622,0.5
U02623,0.5
U02628,0.5
U02629,0.5
U02632,0.5
U02633,0.5
U02636,0.5
U02637,0.5
U02640,0.5
U02641,0.5
U02646,0.5
U02647,0.5
U02651,0.5
U02652,0.5
U02655,0.5
U02656,0.5
U02660,0.5
U02661,0.5
U02664,0.5
U02665,0.5
U02668,0.5
U02669,0.5
U02672,0.5
U02673,0.5
U02676,0.5
U02677,0.5
U02681,0.5
U02682,0.5
U02685,0.5
U02686,0.5
U02689,0.5
U02690,0.5
U02698,0.5
U02699,0.5
U02704,0.5
U02705,0.5
U02708,0.5
U02709,0.5
U02713,0.5
U02714,0.5
U02717,0.5
U02718,0.5
U02721,0.5
U02722,0.5
U02725,0.5
U02726,0.5
U02731,0.5
U02732,0.5
U02736,0.5
U02737,0.5
U02740,0.5
U02741,0.5
U02744,0.5
U02745,0.5
U02748,0.5
U02749,0.5
U02756,0.5
U02757,0.5
U02760,0.5
U02761,0.5
U02775,0.5
U02776,0.5
U02779,0.5
U02780,0.5
U02787,0.5
U02788,0.5
U02793,0.5
U02794,0.5
U02801,0.5
U02802,0.5
U02807,0.5
U02808,0.5
U02811,0.5
U02812,0.5
U02816,0.5
U02817,0.5
U02822,0.5
U02823,0.5
U02827,0.5
U02828,0.5
U02832,0.5
U02833,0.5
U02837,0.5
U02838,0.5
U02842,0.5
U02843,0.5
U02851,0.5
U02852,0.5
U02855,0.5
U02856,0.5
U02860,0.5
U02861,0.5
U02869,0.5
U02870,0.5
U02873,0.5
U02874,0.5
U02883,0.5
U02884,0.5
U02888,0.5
U02889,0.5
U02892,0.5
U02893,0.5
U02902,0.5
U02903,0.5
U02907,0.5
U02908,0.5
U02911,0.5
U02912,0.5
U02915,0.5
U02916,0.5
U02923,0.5
U02924,0.5
U02931,0.5
U02932,0.5
U02936,0.5
U02937,0.5
U02941,0.5
U02942,0.5
U02946,0.5
U02947,0.5
U02950,0.5
U02951,0.5
U02959,0.5
U02960,0.5
U02971,0.5
U02972,0.5
U02975,0.5
U02976,0.5
U02989,0.5
U02990,0.5
U02995,0.5
U02996,0.5
U02999,0.5
U03000,0.5
U03003,0.5
U03004,0.5
U03025,0.5
U03026,0.5
U03038,0.5
U03039,0.5
U03043,0.5
U03044,0.5
U03048,0.5
U03049,0.5
U03057,0.5
U03058,0.5
U03075,0.5
U03076,0.5
U03088,0.5
U03089,0.5
U03092,0.5
U03093,0.5
U03097,0.5
U03098,0.5
U03101,0.5
U03102,0.5
U03109,0.5
U03110,0.5
U03113,0.5
U03114,0.5
U03122,0.5
U03123,0.5
U03126,0.5
U03127,0.5
U03130,0.5
U03131,0.5
U03134,0.5
U03135,0.5
U03138,0.5
U03139,0.5
U03143,0.5
U03144,0.5
U03151,0.5
U03152,0.5
U03155,0.5
U03156,0.5
U03166,0.5
U03167,0.5
U03174,0.5
U03175,0.5
U03184,0.5
U03185,0.5
U03189,0.5
U03190,0.5
U03198,0.5
U03199,0.5
U03216,0.5
U03217,0.5
U03224,0.5
U03225,0.5
U03243,0.5
U03244,0.5
U03267,0.5
U03268,0.5
U03280,0.5
U03281,0.5
U03293,0.5
U03294,0.5
U03303,0.5
U03304,0.5
U03307,0.5
U03308,0.5
U03328,0.5
U03329,0.5
U03336,0.5
U03337,0.5
U03341,0.5
U03342,0.5
U03350,0.5
U03351,0.5
U03355,0.5
U03356,0.5
U03365,0.5
U03366,0.5
U03380,0.5
U03381,0.5
U03388,0.5
U03389,0.5
U03392,0.5
U03393,0.5
U03396,0.5
U03397,0.5
U03400,0.5
U03401,0.5
U03405,0.5
U03406,0.5
U03409,0.5
U03410,0.5
U03415,0.5
U03416,0.5
U03425,0.5
U03426,0.5
U03429,0.5
U03430,0.5
U03435,0.5
U03436,0.5
U03440,0.5
U03441,0.5
U03444,0.5
U03445,0.5
U03470,0.5
U03471,0.5
U03475,0.5
U03476,0.5
U03479,0.5
U03480,0.5
U03483,0.5
U03484,0.5
U03487,0.5
U03488,0.5
U03496,0.5
U03497,0.5
U03510,0.5
U03511,0.5
U03523,0.5
U03524,0.5
U03529,0.5
U03530,0.5
U03533,0.5
U03534,0.5
U03537,0.5
U03538,0.5
U03548,0.5
U03549,0.5
U03552,0.5
U03553,0.5
U03560,0.5
U03561,0.5
U03572,0.5
U03573,0.5
U03577,0.5
U03578,0.5
U03581,0.5
U03582,0.5
U03585,0.5
U03586,0.5
U03589,0.5
U03590,0.5
U03594,0.5
U03595,0.5
U03599,0.5
U03600,0.5
U03603,0.5
U03604,0.5
U03607,0.5
U03608,0.5
U03617,0.5
U03618,0.5
U03630,0.5
U03631,0.5
U03638,0.5
U03639,0.5
U03643,0.5
U03644,0.5
U03647,0.5
U03648,0.5
U03652,0.5
U03653,0.5
U03656,0.5
U03657,0.5
U03680,0.5
U03681,0.5
U03684,0.5
U03685,0.5
U03690,0.5
U03691,0.5
U03698,0.5
U03699,0.5
U03710,0.5
U03711,0.5
U03720,0.5
U03721,0.5
U03726,0.5
U03727,0.5
U03736,0.5
U03737,0.5
U03742,0.5
U03743,0.5
U03746,0.5
U03747,0.5
U03750,0.5
U03751,0.5
U03754,0.5
U03755,0.5
U03758,0.5
U03759,0.5
U03777,0.5
U03778,0.5
U03781,0.5
U03782,0.5
U03789,0.5
U03790,0.5
U03797,0.5
U03798,0.5
U03801,0.5
U03802,0.5
U03813,0.5
U03814,0.5
U03826,0.5
U03827,0.5
U03830,0.5
U03831,0.5
U03849,0.5
U03850,0.5
U03867,0.5
U03868,0.5
U03877,0.5
U03878,0.5
U03882,0.5
U03883,0.5
U03895,0.5
U03896,0.5
U03900,0.5
U03901,0.5
U03905,0.5
U03906,0.5
U03909,0.5
U03910,0.5
U03913,0.5
U03914,0.5
U03917,0.5
U03918,0.5
U03922,0.5
U03923,0.5
U03926,0.5
U03927,0.5
U03930,0.5
U03931,0.5
U03941,0.5
U03942,0.5
U03952,0.5
U03953,0.5
U03956,0.5
U03957,0.5
U03960,0.5
U03961,0.5
U03974,0.5
U03975,0.5
U03978,0.5
U03979,0.5
U03983,0.5
U03984,0.5
U03988,0.5
U03989,0.5
U03992,0.5
U03993,0.5
U04016,0.5
U04017,0.5
U04020,0.5
U04021,0.5
U04031,0.5
U04032,0.5
U04035,0.5
U04036,0.5
U04053,0.5
U04054,0.5
U04057,0.5
U04058,0.5
U04063,0.5
U04064,0.5
U04075,0.5
U04076,0.5
U04079,0.5
U04080,0.5
U04083,0.5
U04084,0.5
U04131,0.5
U04132,0.5
U04135,0.5
U04136,0.5
U04151,0.5
U04152,0.5
U04165,0.5
U04166,0.5
U04169,0.5
U04170,0.5
U04184,0.5
U04185,0.5
U04209,0.5
U04210,0.5
U04230,0.5
U04231,0.5
U04248,0.5
U04249,0.5
U04252,0.5
U04253,0.5
U04265,0.5
U04266,0.5
U04270,0.5
U04271,0.5
U04275,0.5
U04276,0.5
U04279,0.5
U04280,0.5
U04283,0.5
U04284,0.5
U04291,0.5
U04292,0.5
U04299,0.5
U04300,0.5
U04303,0.5
U04304,0.5
U04307,0.5
U04308,0.5
U04312,0.5
U04313,0.5
U04325,0.5
U04326,0.5
U04329,0.5
U04330,0.5
U04334,0.5
U04335,0.5
U04338,0.5
U04339,0.5
U04342,0.5
U04343,0.5
U04364,0.5
U04365,0.5
U04369,0.5
U04370,0.5
U04382,0.5
U04383,0.5
U04387,0.5
U04388,0.5
U04392,0.5
U04393,0.5
U04404,0.5
U04405,0.5
U04412,0.5
U04413,0.5
U04416,0.5
U04417,0.5
U04422,0.5
U04423,0.5
U04427,0.5
U04428,0.5
U04433,0.5
U04434,0.5
U04442,0.5
U04443,0.5
U04450,0.5
U04451,0.5
U04471,0.5
U04472,0.5
U04477,0.5
U04478,0.5
U04485,0.5
U04486,0.5
U04496,0.5
U04497,0.5
U04504,0.5
U04505,0.5
U04508,0.5
U04509,0.5
U04513,0.5
U04514,0.5
U04517,0.5
U04518,0.5
U04521,0.5
U04522,0.5
U04533,0.5
U04534,0.5
U04542,0.5
U04543,0.5
U04550,0.5
U04551,0.5
U04554,0.5
U04555,0.5
U04558,0.5
U04559,0.5
U04567,0.5
U04568,0.5
U04571,0.5
U04572,0.5
U04577,0.5
U04578,0.5
U04586,0.5
U04587,0.5
U04604,0.5
U04605,0.5
U04610,0.5
U04611,0.5
U04622,0.5
U04623,0.5
U04626,0.5
U04627,0.5
U04636,0.5
U04637,0.5
U04640,0.5
U04641,0.5
U04644,0.5
U04645,0.5
U04648,0.5
U04649,0.5
U04660,0.5
U04661,0.5
U04670,0.5
U04671,0.5
U04675,0.5
U04676,0.5
U04685,0.5
U04686,0.5
U04689,0.5
U04690,0.5
U04695,0.5
U04696,0.5
U04699,0.5
U04700,0.5
U04704,0.5
U04705,0.5
U04708,0.5
U04709,0.5
U04712,0.5
U04713,0.5
U04718,0.5
U04719,0.5
U04727,0.5
U04728,0.5
U04741,0.5
U04742,0.5
U04745,0.5
U04746,0.5
U04749,0.5
U04750,0.5
U04763,0.5
U04764,0.5
U04772,0.5
U04773,0.5
U04790,0.5
U04791,0.5
U04794,0.5
U04795,0.5
U04800,0.5
U04801,0.5
U04809,0.5
U04810,0.5
U04813,0.5
U04814,0.5
U04817,0.5
U04818,0.5
U04822,0.5
U04823,0.5
U04826,0.5
U04827,0.5
U04830,0.5
U04831,0.5
U04835,0.5
U04836,0.5
U04839,0.5
U04840,0.5
U04843,0.5
U04844,0.5
U04847,0.5
U04848,0.5
U04866,0.5
U04867,0.5
U04886,0.5
U04887,0.5
U04890,0.5
U04891,0.5
U04898,0.5
U04899,0.5
U04902,0.5
U04903,0.5
U04914,0.5
U04915,0.5
U04918,0.5
U04919,0.5
U04927,0.5
U04928,0.5
U04933,0.5
U04934,0.5
U04938,0.5
U04939,0.5
U04942,0.5
U04943,0.5
U04946,0.5
U04947,0.5
U04950,0.5
U04951,0.5
U04955,0.5
U04956,0.5
U04959,0.5
U04960,0.5
U04975,0.5
U04976,0.5
U04991,0.5
U04992,0.5
U04995,0.5
U04996,0.5
U05000,0.5
U05001,0.5
U05004,0.5
U05005,0.5
U05008,0.5
U05009,0.5
U05016,0.5
U05017,0.5
U05021,0.5
U05022,0.5
U05026,0.5
U05027,0.5
U05031,0.5
U05032,0.5
U05035,0.5
U05036,0.5
U05044,0.5
U05045,0.5
U05050,0.5
U05051,0.5
U05059,0.5
U05060,0.5
U05063,0.5
U05064,0.5
U05067,0.5
U05068,0.5
U05071,0.5
U05072,0.5
U05075,0.5
U05076,0.5
U05088,0.5
U05089,0.5
U05093,0.5
U05094,0.5
U05102,0.5
U05103,0.5
U05106,0.5
U05107,0.5
U05114,0.5
U05115,0.5
U05118,0.5
U05119,0.5
U05123,0.5
U05124,0.5
U05143,0.5
U05144,0.5
U05152,0.5
U05153,0.5
U05166,0.5
U05167,0.5
U05176,0.5
U05177,0.5
U05180,0.5
U05181,0.5
U05184,0.5
U05185,0.5
U05192,0.5
U05193,0.5
U05201,0.5
U05202,0.5
U05206,0.5
U05207,0.5
U05211,0.5
U05212,0.5
U05215,0.5
U05216,0.5
U05219,0.5
U05220,0.5
U05227,0.5
U05228,0.5
U05231,0.5
U05232,0.5
U05235,0.5
U05236,0.5
U05240,0.5
U05241,0.5
U05246,0.5
U05247,0.5
U05250,0.5
U05251,0.5
U05256,0.5
U05257,0.5
U05284,0.5
U05285,0.5
U05290,0.5
U05291,0.5
U05294,0.5
U05295,0.5
U05298,0.5
U05299,0.5
U05302,0.5
U05303,0.5
U05311,0.5
U05312,0.5
U05317,0.5
U05318,0.5
U05323,0.5
U05324,0.5
U05327,0.5
U05328,0.5
U05331,0.5
U05332,0.5
U05340,0.5
U05341,0.5
U05344,0.5
U05345,0.5
U05348,0.5
U05349,0.5
U05352,0.5
U05353,0.5
U05362,0.5
U05363,0.5
U05367,0.5
U05368,0.5
U05371,0.5
U05372,0.5
U05376,0.5
U05377,0.5
U05380,0.5
U05381,0.5
U05385,0.5
U05386,0.5
U05394,0.5
U05395,0.5
U05400,0.5
U05401,0.5
U05404,0.5
U05405,0.5
U05408,0.5
U05409,0.5
U05413,0.5
U05414,0.5
U05427,0.5
U05428,0.5
U05432,0.5
U05433,0.5
U05436,0.5
U05437,0.5
U05442,0.5
U05443,0.5
U05446,0.5
U05447,0.5
U05450,0.5
U05451,0.5
U05471,0.5
U05472,0.5
U05475,0.5
U05476,0.5
U05481,0.5
U05482,0.5
U05489,0.5
U05490,0.5
U05493,0.5
U05494,0.5
U05501,0.5
U05502,0.5
U05507,0.5
U05508,0.5
U05511,0.5
U05512,0.5
U05516,0.5
U05517,0.5
U05520,0.5
U05521,0.5
U05526,0.5
U05527,0.5
U05531,0.5
U05532,0.5
U05541,0.5
U05542,0.5
U05551,0.5
U05552,0.5
U05562,0.5
U05563,0.5
U05572,0.5
U05573,0.5
U05577,0.5
U05578,0.5
U05586,0.5
U05587,0.5
U05591,0.5
U05592,0.5
U05595,0.5
U05596,0.5
U05599,0.5
U05600,0.5
U05604,0.5
U05605,0.5
U05618,0.5
U05619,0.5
U05623,0.5
U05624,0.5
U05634,0.5
U05635,0.5
U05638,0.5
U05639,0.5
U05642,0.5
U05643,0.5
U05650,0.5
U05651,0.5
U05655,0.5
U05656,0.5
U05665,0.5
U05666,0.5
U05669,0.5
U05670,0.5
U05675,0.5
U05676,0.5
U05683,0.5
U05684,0.5
U05687,0.5
U05688,0.5
U05692,0.5
U05693,0.5
U05706,0.5
U05707,0.5
U05716,0.5
U05717,0.5
U05721,0.5
U05722,0.5
U05742,0.5
U05743,0.5
U05750,0.5
U05751,0.5
U05760,0.5
U05761,0.5
U05771,0.5
U05772,0.5
U05785,0.5
U05786,0.5
U05795,0.5
U05796,0.5
U05800,0.5
U05801,0.5
U05810,0.5
U05811,0.5
U05816,0.5
U05817,0.5
U05820,0.5
U05821,0.5
U05824,0.5
U05825,0.5
U05838,0.5
U05839,0.5
U05844,0.5
U05845,0.5
U05849,0.5
U05850,0.5
U05859,0.5
U05860,0.5
U05863,0.5
U05864,0.5
U05867,0.5
U05868,0.5
U05872,0.5
U05873,0.5
U05876,0.5
U05877,0.5
U05886,0.5
U05887,0.5
U05892,0.5
U05893,0.5
U05905,0.5
U05906,0.5
U05923,0.5
U05924,0.5
U05934,0.5
U05935,0.5
U05939,0.5
U05940,0.5
U05943,0.5
U05944,0.5
U05947,0.5
U05948,0.5
U05959,0.5
U05960,0.5
U05971,0.5
U05972,0.5
U05976,0.5
U05977,0.5
U05981,0.5
U05982,0.5
U05986,0.5
U05987,0.5
U05996,0.5
U05997,0.5
U06018,0.5
U06019,0.5
U06030,0.5
U06031,0.5
U06034,0.5
U06035,0.5
U06039,0.5
U06040,0.5
U06047,0.5
U06048,0.5
U06059,0.5
U06060,0.5
U06064,0.5
U06065,0.5
U06069,0.5
U06070,0.5
U06073,0.5
U06074,0.5
U06081,0.5
U06082,0.5
U06086,0.5
U06087,0.5
U06095,0.5
U06096,0.5
U06100,0.5
U06101,0.5
U06105,0.5
U06106,0.5
U06109,0.5
U06110,0.5
U06115,0.5
U06116,0.5
U06126,0.5
U06127,0.5
U06131,0.5
U06132,0.5
U06141,0.5
U06142,0.5
U06145,0.5
U06146,0.5
U06158,0.5
U06159,0.5
U06163,0.5
U06164,0.5
U06174,0.5
U06175,0.5
U06183,0.5
U06184,0.5
U06187,0.5
U06188,0.5
U06196,0.5
U06197,0.5
U06210,0.5
U06211,0.5
U06214,0.5
U06215,0.5
U06220,0.5
U06221,0.5
U06225,0.5
U06226,0.5
U06239,0.5
U06240,0.5
U06243,0.5
U06244,0.5
U06257,0.5
U06258,0.5
U06275,0.5
U06276,0.5
U06279,0.5
U06280,0.5
U06284,0.5
U06285,0.5
U06293,0.5
U06294,0.5
U06298,0.5
U06299,0.5
U06302,0.5
U06303,0.5
U06306,0.5
U06307,0.5
U06310,0.5
U06311,0.5
U06314,0.5
U06315,0.5
U06322,0.5
U06323,0.5
U06326,0.5
U06327,0.5
U06338,0.5
U06339,0.5
U06342,0.5
U06343,0.5
U06347,0.5
U06348,0.5
U06359,0.5
U06360,0.5
U06369,0.5
U06370,0.5
U06374,0.5
U06375,0.5
U06379,0.5
U06380,0.5
U06389,0.5
U06390,0.5
U06398,0.5
U06399,0.5
U06410,0.5
U06411,0.5
U06433,0.5
U06434,0.5
U06441,0.5
U06442,0.5
U06445,0.5
U06446,0.5
U06454,0.5
U06455,0.5
U06459,0.5
U06460,0.5
U06465,0.5
U06466,0.5
U06469,0.5
U06470,0.5
U06474,0.5
U06475,0.5
U06478,0.5
U06479,0.5
U06495,0.5
U06496,0.5
U06499,0.5
U06500,0.5
U06511,0.5
U06512,0.5
U06516,0.5
U06517,0.5
U06522,0.5
U06523,0.5
U06527,0.5
U06528,0.5
U06537,0.5
U06538,0.5
U06541,0.5
U06542,0.5
U06545,0.5
U06546,0.5
U06549,0.5
U06550,0.5
U06553,0.5
U06554,0.5
U06559,0.5
U06560,0.5
U06565,0.5
U06566,0.5
U06573,0.5
U06574,0.5
U06578,0.5
U06579,0.5
U06588,0.5
U06589,0.5
U06596,0.5
U06597,0.5
U06601,0.5
U06602,0.5
U06605,0.5
U06606,0.5
U06609,0.5
U06610,0.5
U06613,0.5
U06614,0.5
U06626,0.5
U06627,0.5
U06634,0.5
U06635,0.5
U06639,0.5
U06640,0.5
U06645,0.5
U06646,0.5
U06649,0.5
U06650,0.5
U06653,0.5
U06654,0.5
U06657,0.5
U06658,0.5
U06665,0.5
U06666,0.5
U06679,0.5
U06680,0.5
U06684,0.5
U06685,0.5
U06688,0.5
U06689,0.5
U06698,0.5
U06699,0.5
U06702,0.5
U06703,0.5
U06712,0.5
U06713,0.5
U06717,0.5
U06718,0.5
U06722,0.5
U06723,0.5
U06727,0.5
U06728,0.5
U06731,0.5
U06732,0.5
U06735,0.5
U06736,0.5
U06754,0.5
U06755,0.5
U06759,0.5
U06760,0.5
U06763,0.5
U06764,0.5
U06767,0.5
U06768,0.5
U06771,0.5
U06772,0.5
U06776,0.5
U06777,0.5
U06781,0.5
U06782,0.5
U06796,0.5
U06797,0.5
U06806,0.5
U06807,0.5
U06824,0.5
U06825,0.5
U06828,0.5
U06829,0.5
U06839,0.5
U06840,0.5
U06843,0.5
U06844,0.5
U06853,0.5
U06854,0.5
U06857,0.5
U06858,0.5
U06871,0.5
U06872,0.5
U06876,0.5
U06877,0.5
U06880,0.5
U06881,0.5
U06884,0.5
U06885,0.5
U06893,0.5
U06894,0.5
U06901,0.5
U06902,0.5
U06911,0.5
U06912,0.5
U06915,0.5
U06916,0.5
U06923,0.5
U06924,0.5
U06932,0.5
U06933,0.5
U06947,0.5
U06948,0.5
U06963,0.5
U06964,0.5
U06967,0.5
U06968,0.5
U06976,0.5
U06977,0.5
U06984,0.5
U06985,0.5
U06998,0.5
U06999,0.5
U07002,0.5
U07003,0.5
U07011,0.5
U07012,0.5
U07015,0.5
U07016,0.5
U07020,0.5
U07021,0.5
U07038,0.5
U07039,0.5
U07042,0.5
U07043,0.5
U07047,0.5
U07048,0.5
U07051,0.5
U07052,0.5
U07059,0.5
U07060,0.5
U07063,0.5
U07064,0.5
U07067,0.5
U07068,0.5
U07071,0.5
U07072,0.5
U07087,0.5
U07088,0.5
U07097,0.5
U07098,0.5
U07116,0.5
U07117,0.5
U07120,0.5
U07121,0.5
U07129,0.5
U07130,0.5
U07133,0.5
U07134,0.5
U07138,0.5
U07139,0.5
U07142,0.5
U07143,0.5
U07146,0.5
U07147,0.5
U07150,0.5
U07151,0.5
U07155,0.5
U07156,0.5
U07159,0.5
U07160,0.5
U07171,0.5
U07172,0.5
U07179,0.5
U07180,0.5
U07183,0.5
U07184,0.5
U07191,0.5
U07192,0.5
U07196,0.5
U07197,0.5
U07201,0.5
U07202,0.5
U07205,0.5
U07206,0.5
U07215,0.5
U07216,0.5
U07220,0.5
U07221,0.5
U07230,0.5
U07231,0.5
U07248,0.5
U07249,0.5
U07253,0.5
U07254,0.5
U07259,0.5
U07260,0.5
U07263,0.5
U07264,0.5
U07269,0.5
U07270,0.5
U07275,0.5
U07276,0.5
U07285,0.5
U07286,0.5
U07289,0.5
U07290,0.5
U07293,0.5
U07294,0.5
U07297,0.5
U07298,0.5
U07301,0.5
U07302,0.5
U07305,0.5
U07306,0.5
U07309,0.5
U07310,0.5
U07318,0.5
U07319,0.5
U07322,0.5
U07323,0.5
U07331,0.5
U07332,0.5
U07341,0.5
U07342,0.5
U07347,0.5
U07348,0.5
U07364,0.5
U07365,0.5
U07372,0.5
U07373,0.5
U07377,0.5
U07378,0.5
U07385,0.5
U07386,0.5
U07389,0.5
U07390,0.5
U07395,0.5
U07396,0.5
U07410,0.5
U07411,0.5
U07424,0.5
U07425,0.5
U07432,0.5
U07433,0.5
U07442,0.5
U07443,0.5
U07451,0.5
U07452,0.5
U07455,0.5
U07456,0.5
U07460,0.5
U07461,0.5
U07473,0.5
U07474,0.5
U07486,0.5
U07487,0.5
U07492,0.5
U07493,0.5
U07496,0.5
U07497,0.5
U07500,0.5
U07501,0.5
U07504,0.5
U07505,0.5
U07514,0.5
U07515,0.5
U07518,0.5
U07519,0.5
U07522,0.5
U07523,0.5
U07530,0.5
U07531,0.5
U07534,0.5
U07535,0.5
U07538,0.5
U07539,0.5
U07544,0.5
U07545,0.5
U07548,0.5
U07549,0.5
U07561,0.5
U07562,0.5
U07567,0.5
U07568,0.5
U07571,0.5
U07572,0.5
U07581,0.5
U07582,0.5
U07586,0.5
U07587,0.5
U07590,0.5
U07591,0.5
U07596,0.5
U07597,0.5
U07605,0.5
U07606,0.5
U07613,0.5
U07614,0.5
U07626,0.5
U07627,0.5
U07636,0.5
U07637,0.5
U07642,0.5
U07643,0.5
U07657,0.5
U07658,0.5
U07663,0.5
U07664,0.5
U07671,0.5
U07672,0.5
U07676,0.5
U07677,0.5
U07680,0.5
U07681,0.5
U07692,0.5
U07693,0.5
U07696,0.5
U07697,0.5
U07701,0.5
U07702,0.5
U07709,0.5
U07710,0.5
U07714,0.5
U07715,0.5
U07719,0.5
U07720,0.5
U07725,0.5
U07726,0.5
U07729,0.5
U07730,0.5
U07733,0.5
U07734,0.5
U07742,0.5
U07743,0.5
U07750,0.5
U07751,0.5
U07754,0.5
U07755,0.5
U07759,0.5
U07760,0.5
U07771,0.5
U07772,0.5
U07780,0.5
U07781,0.5
U07784,0.5
U07785,0.5
U07788,0.5
U07789,0.5
U07793,0.5
U07794,0.5
U07797,0.5
U07798,0.5
U07811,0.5
U07812,0.5
U07815,0.5
U07816,0.5
U07821,0.5
U07822,0.5
U07826,0.5
U07827,0.5
U07830,0.5
U07831,0.5
U07838,0.5
U07839,0.5
U07846,0.5
U07847,0.5
U07851,0.5
U07852,0.5
U07856,0.5
U07857,0.5
U07871,0.5
U07872,0.5
U07877,0.5
U07878,0.5
U07881,0.5
U07882,0.5
U07886,0.5
U07887,0.5
U07900,0.5
U07901,0.5
U07915,0.5
U07916,0.5
U07921,0.5
U07922,0.5
U07929,0.5
U07930,0.5
U07935,0.5
U07936,0.5
U07948,0.5
U07949,0.5
U07952,0.5
U07953,0.5
U07962,0.5
U07963,0.5
U07977,0.5
U07978,0.5
U07982,0.5
U07983,0.5
U07995,0.5
U07996,0.5
U08020,0.5
U08021,0.5
U08032,0.5
U08033,0.5
U08041,0.5
U08042,0.5
U08051,0.5
U08052,0.5
U08055,0.5
U08056,0.5
U08064,0.5
U08065,0.5
U08084,0.5
U08085,0.5
U08098,0.5
U08099,0.5
U08125,0.5
U08126,0.5
U08129,0.5
U08130,0.5
U08139,0.5
U08140,0.5
U08143,0.5
U08144,0.5
U08151,0.5
U08152,0.5
U08155,0.5
U08156,0.5
U08163,0.5
U08164,0.5
U08176,0.5
U08177,0.5
U08180,0.5
U08181,0.5
U08186,0.5
U08187,0.5
U08190,0.5
U08191,0.5
U08199,0.5
U08200,0.5
U08209,0.5
U08210,0.5
U08213,0.5
U08214,0.5
U08218,0.5
U08219,0.5
U08251,0.5
U08252,0.5
U08255,0.5
U08256,0.5
U08264,0.5
U08265,0.5
U08282,0.5
U08283,0.5
U08286,0.5
U08287,0.5
U08303,0.5
U08304,0.5
U08307,0.5
U08308,0.5
U08313,0.5
U08314,0.5
U08317,0.5
U08318,0.5
U08321,0.5
U08322,0.5
U08330,0.5
U08331,0.5
U08340,0.5
U08341,0.5
U08344,0.5
U08345,0.5
U08358,0.5
U08359,0.5
U08367,0.5
U08368,0.5
U08371,0.5
U08372,0.5
U08376,0.5
U08377,0.5
U08380,0.5
U08381,0.5
U08386,0.5
U08387,0.5
U08390,0.5
U08391,0.5
U08394,0.5
U08395,0.5
U08399,0.5
U08400,0.5
U08403,0.5
U08404,0.5
U08407,0.5
U08408,0.5
U08411,0.5
U08412,0.5
U08415,0.5
U08416,0.5
U08421,0.5
U08422,0.5
U08437,0.5
U08438,0.5
U08443,0.5
U08444,0.5
U08452,0.5
U08453,0.5
U08456,0.5
U08457,0.5
U08462,0.5
U08463,0.5
U08466,0.5
U08467,0.5
U08478,0.5
U08479,0.5
U08482,0.5
U08483,0.5
U08487,0.5
U08488,0.5
U08497,0.5
U08498,0.5
U08507,0.5
U08508,0.5
U08512,0.5
U08513,0.5
U08520,0.5
U08521,0.5
U08530,0.5
U08531,0.5
U08534,0.5
U08535,0.5
U08538,0.5
U08539,0.5
U08542,0.5
U08543,0.5
U08546,0.5
U08547,0.5
U08550,0.5
U08551,0.5
U08555,0.5
U08556,0.5
U08566,0.5
U08567,0.5
U08590,0.5
U08591,0.5
U08595,0.5
U08596,0.5
U08600,0.5
U08601,0.5
U08604,0.5
U08605,0.5
U08608,0.5
U08609,0.5
U08612,0.5
U08613,0.5
U08616,0.5
U08617,0.5
U08624,0.5
U08625,0.5
U08633,0.5
U08634,0.5
U08638,0.5
U08639,0.5
U08642,0.5
U08643,0.5
U08650,0.5
U08651,0.5
U08659,0.5
U08660,0.5
U08663,0.5
U08664,0.5
U08669,0.5
U08670,0.5
U08674,0.5
U08675,0.5
U08678,0.5
U08679,0.5
U08682,0.5
U08683,0.5
U08686,0.5
U08687,0.5
U08690,0.5
U08691,0.5
U08694,0.5
U08695,0.5
U08702,0.5
U08703,0.5
U08708,0.5
U08709,0.5
U08732,0.5
U08733,0.5
U08738,0.5
U08739,0.5
U08742,0.5
U08743,0.5
U08746,0.5
U08747,0.5
U08755,0.5
U08756,0.5
U08767,0.5
U08768,0.5
U08771,0.5
U08772,0.5
U08779,0.5
U08780,0.5
U08790,0.5
U08791,0.5
U08803,0.5
U08804,0.5
U08807,0.5
U08808,0.5
U08822,0.5
U08823,0.5
U08828,0.5
U08829,0.5
U08832,0.5
U08833,0.5
U08845,0.5
U08846,0.5
U08855,0.5
U08856,0.5
U08863,0.5
U08864,0.5
U08868,0.5
U08869,0.5
U08872,0.5
U08873,0.5
U08876,0.5
U08877,0.5
U08884,0.5
U08885,0.5
U08888,0.5
U08889,0.5
U08893,0.5
U08894,0.5
U08897,0.5
U08898,0.5
U08901,0.5
U08902,0.5
U08905,0.5
U08906,0.5
U08915,0.5
U08916,0.5
U08919,0.5
U08920,0.5
U08924,0.5
U08925,0.5
U08928,0.5
U08929,0.5
U08940,0.5
U08941,0.5
U08952,0.5
U08953,0.5
U08956,0.5
U08957,0.5
U08961,0.5
U08962,0.5
U08965,0.5
U08966,0.5
U08973,0.5
U08974,0.5
U08984,0.5
U08985,0.5
U08988,0.5
U08989,0.5
U09002,0.5
U09003,0.5
U09011,0.5
U09012,0.5
U09024,0.5
U09025,0.5
U09033,0.5
U09034,0.5
U09037,0.5
U09038,0.5
U09045,0.5
U09046,0.5
U09049,0.5
U09050,0.5
U09053,0.5
U09054,0.5
U09057,0.5
U09058,0.5
U09061,0.5
U09062,0.5
U09067,0.5
U09068,0.5
U09071,0.5
U09072,0.5
U09075,0.5
U09076,0.5
U09087,0.5
U09088,0.5
U09091,0.5
U09092,0.5
U09095,0.5
U09096,0.5
U09099,0.5
U09100,0.5
U09104,0.5
U09105,0.5
U09116,0.5
U09117,0.5
U09122,0.5
U09123,0.5
U09131,0.5
U09132,0.5
U09135,0.5
U09136,0.5
U09141,0.5
U09142,0.5
U09151,0.5
U09152,0.5
U09156,0.5
U09157,0.5
U09180,0.5
U09181,0.5
U09196,0.5
U09197,0.5
U09200,0.5
U09201,0.5
U09204,0.5
U09205,0.5
U09209,0.5
U09210,0.5
U09218,0.5
U09219,0.5
U09224,0.5
U09225,0.5
U09228,0.5
U09229,0.5
U09232,0.5
U09233,0.5
U09237,0.5
U09238,0.5
U09245,0.5
U09246,0.5
U09250,0.5
U09251,0.5
U09270,0.5
U09271,0.5
U09276,0.5
U09277,0.5
U09281,0.5
U09282,0.5
U09300,0.5
U09301,0.5
U09304,0.5
U09305,0.5
U09312,0.5
U09313,0.5
U09316,0.5
U09317,0.5
U09322,0.5
U09323,0.5
U09326,0.5
U09327,0.5
U09332,0.5
U09333,0.5
U09336,0.5
U09337,0.5
U09340,0.5
U09341,0.5
U09345,0.5
U09346,0.5
U09349,0.5
U09350,0.5
U09355,0.5
U09356,0.5
U09359,0.5
U09360,0.5
U09363,0.5
U09364,0.5
U09369,0.5
U09370,0.5
U09379,0.5
U09380,0.5
U09389,0.5
U09390,0.5
U09400,0.5
U09401,0.5
U09405,0.5
U09406,0.5
U09418,0.5
U09419,0.5
U09423,0.5
U09424,0.5
U09427,0.5
U09428,0.5
U09431,0.5
U09432,0.5
U09440,0.5
U09441,0.5
U09448,0.5
U09449,0.5
U09452,0.5
U09453,0.5
U09466,0.5
U09467,0.5
U09474,0.5
U09475,0.5
U09478,0.5
U09479,0.5
U09487,0.5
U09488,0.5
U09491,0.5
U09492,0.5
U09508,0.5
U09509,0.5
U09512,0.5
U09513,0.5
U09517,0.5
U09518,0.5
U09522,0.5
U09523,0.5
U09530,0.5
U09531,0.5
U09539,0.5
U09540,0.5
U09543,0.5
U09544,0.5
U09556,0.5
U09557,0.5
U09560,0.5
U09561,0.5
U09569,0.5
U09570,0.5
U09579,0.5
U09580,0.5
U09587,0.5
U09588,0.5
U09595,0.5
U09596,0.5
U09599,0.5
U09600,0.5
U09607,0.5
U09608,0.5
U09621,0.5
U09622,0.5
U09631,0.5
U09632,0.5
U09635,0.5
U09636,0.5
U09639,0.5
U09640,0.5
U09643,0.5
U09644,0.5
U09649,0.5
U09650,0.5
U09660,0.5
U09661,0.5
U09670,0.5
U09671,0.5
U09674,0.5
U09675,0.5
U09678,0.5
U09679,0.5
U09682,0.5
U09683,0.5
U09687,0.5
U09688,0.5
U09693,0.5
U09694,0.5
U09706,0.5
U09707,0.5
U09720,0.5
U09721,0.5
U09740,0.5
U09741,0.5
U09744,0.5
U09745,0.5
U09762,0.5
U09763,0.5
U09766,0.5
U09767,0.5
U09771,0.5
U09772,0.5
U09775,0.5
U09776,0.5
U09785,0.5
U09786,0.5
U09798,0.5
U09799,0.5
U09803,0.5
U09804,0.5
U09807,0.5
U09808,0.5
U09816,0.5
U09817,0.5
U09820,0.5
U09821,0.5
U09825,0.5
U09826,0.5
U09831,0.5
U09832,0.5
U09843,0.5
U09844,0.5
U09847,0.5
U09848,0.5
U09855,0.5
U09856,0.5
U09863,0.5
U09864,0.5
U09872,0.5
U09873,0.5
U09876,0.5
U09877,0.5
U09880,0.5
U09881,0.5
U09884,0.5
U09885,0.5
U09898,0.5
U09899,0.5
U09908,0.5
U09909,0.5
U09917,0.5
U09918,0.5
U09923,0.5
U09924,0.5
U09927,0.5
U09928,0.5
U09941,0.5
U09942,0.5
U09951,0.5
U09952,0.5
U09963,0.5
U09964,0.5
U09968,0.5
U09969,0.5
U09980,0.5
U09981,0.5
U09984,0.5
U09985,0.5
U09993,0.5
U09994,0.5
U09997,0.5
U09998,0.5
U10005,0.5
U10006,0.5
U10009,0.5
U10010,0.5
U10017,0.5
U10018,0.5
U10022,0.5
U10023,0.5
U10031,0.5
U10032,0.5
U10035,0.5
U10036,0.5
U10049,0.5
U10050,0.5
U10058,0.5
U10059,0.5
U10062,0.5
U10063,0.5
U10079,0.5
U10080,0.5
U10084,0.5
U10085,0.5
U10089,0.5
U10090,0.5
U10094,0.5
U10095,0.5
U10103,0.5
U10104,0.5
U10107,0.5
U10108,0.5
U10112,0.5
U10113,0.5
U10116,0.5
U10117,0.5
U10120,0.5
U10121,0.5
U10143,0.5
U10144,0.5
U10148,0.5
U10149,0.5
U10154,0.5
U10155,0.5
U10158,0.5
U10159,0.5
U10162,0.5
U10163,0.5
U10166,0.5
U10167,0.5
U10170,0.5
U10171,0.5
U10175,0.5
U10176,0.5
U10180,0.5
U10181,0.5
U10188,0.5
U10189,0.5
U10192,0.5
U10193,0.5
U10197,0.5
U10198,0.5
U10202,0.5
U10203,0.5
U10215,0.5
U10216,0.5
U10221,0.5
U10222,0.5
U10229,0.5
U10230,0.5
U10238,0.5
U10239,0.5
U10244,0.5
U10245,0.5
U10249,0.5
U10250,0.5
U10253,0.5
U10254,0.5
U10258,0.5
U10259,0.5
U10262,0.5
U10263,0.5
U10266,0.5
U10267,0.5
U10271,0.5
U10272,0.5
U10280,0.5
U10281,0.5
U10286,0.5
U10287,0.5
U10294,0.5
U10295,0.5
U10300,0.5
U10301,0.5
U10308,0.5
U10309,0.5
U10317,0.5
U10318,0.5
U10323,0.5
U10324,0.5
U10329,0.5
U10330,0.5
U10342,0.5
U10343,0.5
U10361,0.5
U10362,0.5
U10370,0.5
U10371,0.5
U10375,0.5
U10376,0.5
U10379,0.5
U10380,0.5
U10388,0.5
U10389,0.5
U10394,0.5
U10395,0.5
U10398,0.5
U10399,0.5
U10407,0.5
U10408,0.5
U10412,0.5
U10413,0.5
U10420,0.5
U10421,0.5
U10425,0.5
U10426,0.5
U10435,0.5
U10436,0.5
U10439,0.5
U10440,0.5
U10443,0.5
U10444,0.5
U10447,0.5
U10448,0.5
U10457,0.5
U10458,0.5
U10461,0.5
U10462,0.5
U10470,0.5
U10471,0.5
U10474,0.5
U10475,0.5
U10478,0.5
U10479,0.5
U10484,0.5
U10485,0.5
U10488,0.5
U10489,0.5
U10499,0.5
U10500,0.5
U10503,0.5
U10504,0.5
U10508,0.5
U10509,0.5
U10513,0.5
U10514,0.5
U10517,0.5
U10518,0.5
U10526,0.5
U10527,0.5
U10532,0.5
U10533,0.5
U10536,0.5
U10537,0.5
U10541,0.5
U10542,0.5
U10545,0.5
U10546,0.5
U10565,0.5
U10566,0.5
U10577,0.5
U10578,0.5
U10582,0.5
U10583,0.5
U10588,0.5
U10589,0.5
U10592,0.5
U10593,0.5
U10598,0.5
U10599,0.5
U10602,0.5
U10603,0.5
U10611,0.5
U10612,0.5
U10616,0.5
U10617,0.5
U10621,0.5
U10622,0.5
U10631,0.5
U10632,0.5
U10641,0.5
U10642,0.5
U10649,0.5
U10650,0.5
U10676,0.5
U10677,0.5
U10680,0.5
U10681,0.5
U10684,0.5
U10685,0.5
U10693,0.5
U10694,0.5
U10697,0.5
U10698,0.5
U10709,0.5
U10710,0.5
U10713,0.5
U10714,0.5
U10717,0.5
U10718,0.5
U10722,0.5
U10723,0.5
U10727,0.5
U10728,0.5
U10736,0.5
U10737,0.5
U10757,0.5
U10758,0.5
U10763,0.5
U10764,0.5
U10776,0.5
U10777,0.5
U10780,0.5
U10781,0.5
U10785,0.5
U10786,0.5
U10789,0.5
U10790,0.5
U10793,0.5
U10794,0.5
U10798,0.5
U10799,0.5
U10808,0.5
U10809,0.5
U10813,0.5
U10814,0.5
U10817,0.5
U10818,0.5
U10821,0.5
U10822,0.5
U10827,0.5
U10828,0.5
U10831,0.5
U10832,0.5
U10836,0.5
U10837,0.5
U10845,0.5
U10846,0.5
U10849,0.5
U10850,0.5
U10853,0.5
U10854,0.5
U10858,0.5
U10859,0.5
U10866,0.5
U10867,0.5
U10871,0.5
U10872,0.5
U10876,0.5
U10877,0.5
U10887,0.5
U10888,0.5
U10891,0.5
U10892,0.5
U10896,0.5
U10897,0.5
U10906,0.5
U10907,0.5
U10912,0.5
U10913,0.5
U10917,0.5
U10918,0.5
U10921,0.5
U10922,0.5
U10930,0.5
U10931,0.5
U10935,0.5
U10936,0.5
U10945,0.5
U10946,0.5
U10949,0.5
U10950,0.5
U10954,0.5
U10955,0.5
U10965,0.5
U10966,0.5
U10974,0.5
U10975,0.5
U10979,0.5
U10980,0.5
U10993,0.5
U10994,0.5
U11006,0.5
U11007,0.5
U11010,0.5
U11011,0.5
U11019,0.5
U11020,0.5
U11037,0.5
U11038,0.5
U11042,0.5
U11043,0.5
U11046,0.5
U11047,0.5
U11051,0.5
U11052,0.5
U11055,0.5
U11056,0.5
U11061,0.5
U11062,0.5
U11070,0.5
U11071,0.5
U11074,0.5
U11075,0.5
U11079,0.5
U11080,0.5
U11083,0.5
U11084,0.5
U11087,0.5
U11088,0.5
U11098,0.5
U11099,0.5
U11102,0.5
U11103,0.5
U11106,0.5
U11107,0.5
U11110,0.5
U11111,0.5
U11114,0.5
U11115,0.5
U11123,0.5
U11124,0.5
U11127,0.5
U11128,0.5
U11131,0.5
U11132,0.5
U11135,0.5
U11136,0.5
U11139,0.5
U11140,0.5
U11150,0.5
U11151,0.5
U11154,0.5
U11155,0.5
U11160,0.5
U11161,0.5
U11164,0.5
U11165,0.5
U11178,0.5
U11179,0.5
U11182,0.5
U11183,0.5
U11195,0.5
U11196,0.5
U11203,0.5
U11204,0.5
U11209,0.5
U11210,0.5
U11213,0.5
U11214,0.5
U11221,0.5
U11222,0.5
U11226,0.5
U11227,0.5
U11238,0.5
U11239,0.5
U11248,0.5
U11249,0.5
U11266,0.5
U11267,0.5
U11270,0.5
U11271,0.5
U11274,0.5
U11275,0.5
U11280,0.5
U11281,0.5
U11289,0.5
U11290,0.5
U11294,0.5
U11295,0.5
U11313,0.5
U11314,0.5
U11323,0.5
U11324,0.5
U11331,0.5
U11332,0.5
U11343,0.5
U11344,0.5
U11347,0.5
U11348,0.5
U11356,0.5
U11357,0.5
U11360,0.5
U11361,0.5
U11373,0.5
U11374,0.5
U11377,0.5
U11378,0.5
U11381,0.5
U11382,0.5
U11386,0.5
U11387,0.5
U11391,0.5
U11392,0.5
U11403,0.5
U11404,0.5
U11407,0.5
U11408,0.5
U11411,0.5
U11412,0.5
U11422,0.5
U11423,0.5
U11432,0.5
U11433,0.5
U11437,0.5
U11438,0.5
U11441,0.5
U11442,0.5
U11449,0.5
U11450,0.5
U11453,0.5
U11454,0.5
U11457,0.5
U11458,0.5
U11462,0.5
U11463,0.5
U11466,0.5
U11467,0.5
U11476,0.5
U11477,0.5
U11488,0.5
U11489,0.5
U11492,0.5
U11493,0.5
U11500,0.5
U11501,0.5
U11510,0.5
U11511,0.5
U11515,0.5
U11516,0.5
U11520,0.5
U11521,0.5
U11525,0.5
U11526,0.5
U11533,0.5
U11534,0.5
U11537,0.5
U11538,0.5
U11545,0.5
U11546,0.5
U11553,0.5
U11554,0.5
U11558,0.5
U11559,0.5
U11569,0.5
U11570,0.5
U11578,0.5
U11579,0.5
U11588,0.5
U11589,0.5
U11592,0.5
U11593,0.5
U11598,0.5
U11599,0.5
U11602,0.5
U11603,0.5
U11612,0.5
U11613,0.5
U11617,0.5
U11618,0.5
U11625,0.5
U11626,0.5
U11630,0.5
U11631,0.5
U11635,0.5
U11636,0.5
U11643,0.5
U11644,0.5
U11658,0.5
U11659,0.5
U11662,0.5
U11663,0.5
U11671,0.5
U11672,0.5
U11676,0.5
U11677,0.5
U11680,0.5
U11681,0.5
U11685,0.5
U11686,0.5
U11689,0.5
U11690,0.5
U11693,0.5
U11694,0.5
U11697,0.5
U11698,0.5
U11701,0.5
U11702,0.5
U11707,0.5
U11708,0.5
U11713,0.5
U11714,0.5
U11717,0.5
U11718,0.5
U11721,0.5
U11722,0.5
U11727,0.5
U11728,0.5
U11732,0.5
U11733,0.5
U11736,0.5
U11737,0.5
U11745,0.5
U11746,0.5
U11764,0.5
U11765,0.5
U11777,0.5
U11778,0.5
U11785,0.5
U11786,0.5
U11793,0.5
U11794,0.5
U11797,0.5
U11798,0.5
U11802,0.5
U11803,0.5
U11806,0.5
U11807,0.5
U11811,0.5
U11812,0.5
U11817,0.5
U11818,0.5
U11830,0.5
U11831,0.5
U11836,0.5
U11837,0.5
U11842,0.5
U11843,0.5
U11846,0.5
U11847,0.5
U11854,0.5
U11855,0.5
U11871,0.5
U11872,0.5
U11879,0.5
U11880,0.5
U11897,0.5
U11898,0.5
U11901,0.5
U11902,0.5
U11909,0.5
U11910,0.5
U11919,0.5
U11920,0.5
U11933,0.5
U11934,0.5
U11952,0.5
U11953,0.5
U11972,0.5
U11973,0.5
U11985,0.5
U11986,0.5
U11991,0.5
U11992,0.5
U11995,0.5
U11996,0.5
U11999,0.5
U12000,0.5
U12003,0.5
U12004,0.5
U12008,0.5
U12009,0.5
U12012,0.5
U12013,0.5
U12016,0.5
U12017,0.5
U12020,0.5
U12021,0.5
U12030,0.5
U12031,0.5
U12034,0.5
U12035,0.5
U12042,0.5
U12043,0.5
U12051,0.5
U12052,0.5
U12057,0.5
U12058,0.5
U12067,0.5
U12068,0.5
U12086,0.5
U12087,0.5
U12090,0.5
U12091,0.5
U12095,0.5
U12096,0.5
U12103,0.5
U12104,0.5
U12107,0.5
U12108,0.5
U12111,0.5
U12112,0.5
U12115,0.5
U12116,0.5
U12119,0.5
U12120,0.5
U12140,0.5
U12141,0.5
U12144,0.5
U12145,0.5
U12149,0.5
U12150,0.5
U12158,0.5
U12159,0.5
U12167,0.5
U12168,0.5
U12171,0.5
U12172,0.5
U12188,0.5
U12189,0.5
U12192,0.5
U12193,0.5
U12198,0.5
U12199,0.5
U12202,0.5
U12203,0.5
U12210,0.5
U12211,0.5
U12214,0.5
U12215,0.5
U12226,0.5
U12227,0.5
U12231,0.5
U12232,0.5
U12250,0.5
U12251,0.5
U12255,0.5
U12256,0.5
U12259,0.5
U12260,0.5
U12264,0.5
U12265,0.5
U12273,0.5
U12274,0.5
U12277,0.5
U12278,0.5
U12281,0.5
U12282,0.5
U12306,0.5
U12307,0.5
U12316,0.5
U12317,0.5
U12324,0.5
U12325,0.5
U12335,0.5
U12336,0.5
U12345,0.5
U12346,0.5
U12351,0.5
U12352,0.5
U12355,0.5
U12356,0.5
U12361,0.5
U12362,0.5
U12370,0.5
U12371,0.5
U12375,0.5
U12376,0.5
U12381,0.5
U12382,0.5
U12395,0.5
U12396,0.5
U12399,0.5
U12400,0.5
U12403,0.5
U12404,0.5
U12416,0.5
U12417,0.5
U12420,0.5
U12421,0.5
U12441,0.5
U12442,0.5
U12449,0.5
U12450,0.5
U12455,0.5
U12456,0.5
U12473,0.5
U12474,0.5
U12483,0.5
U12484,0.5
U12502,0.5
U12503,0.5
U12514,0.5
U12515,0.5
U12518,0.5
U12519,0.5
U12522,0.5
U12523,0.5
U12538,0.5
U12539,0.5
U12542,0.5
U12543,0.5
U12546,0.5
U12547,0.5
U12563,0.5
U12564,0.5
U12567,0.5
U12568,0.5
U12579,0.5
U12580,0.5
U12585,0.5
U12586,0.5
U12590,0.5
U12591,0.5
U12596,0.5
U12597,0.5
U12601,0.5
U12602,0.5
U12606,0.5
U12607,0.5
U12610,0.5
U12611,0.5
U12614,0.5
U12615,0.5
U12619,0.5
U12620,0.5
U12623,0.5
U12624,0.5
U12627,0.5
U12628,0.5
U12631,0.5
U12632,0.5
U12635,0.5
U12636,0.5
U12639,0.5
U12640,0.5
U12648,0.5
U12649,0.5
U12652,0.5
U12653,0.5
U12662,0.5
U12663,0.5
U12667,0.5
U12668,0.5
U12671,0.5
U12672,0.5
U12676,0.5
U12677,0.5
U12681,0.5
U12682,0.5
U12685,0.5
U12686,0.5
U12690,0.5
U12691,0.5
U12694,0.5
U12695,0.5
U12698,0.5
U12699,0.5
U12702,0.5
U12703,0.5
U12707,0.5
U12708,0.5
U12713,0.5
U12714,0.5
U12719,0.5
U12720,0.5
U12724,0.5
U12725,0.5
U12733,0.5
U12734,0.5
U12739,0.5
U12740,0.5
U12744,0.5
U12745,0.5
U12750,0.5
U12751,0.5
U12755,0.5
U12756,0.5
U12759,0.5
U12760,0.5
U12765,0.5
U12766,0.5
U12769,0.5
U12770,0.5
U12773,0.5
U12774,0.5
U12777,0.5
U12778,0.5
U12781,0.5
U12782,0.5
U12785,0.5
U12786,0.5
U12789,0.5
U12790,0.5
U12797,0.5
U12798,0.5
U12801,0.5
U12802,0.5
U12805,0.5
U12806,0.5
U12810,0.5
U12811,0.5
U12814,0.5
U12815,0.5
U12818,0.5
U12819,0.5
U12824,0.5
U12825,0.5
U12828,0.5
U12829,0.5
U12832,0.5
U12833,0.5
U12836,0.5
U12837,0.5
U12840,0.5
U12841,0.5
U12845,0.5
U12846,0.5
U12851,0.5
U12852,0.5
U12857,0.5
U12858,0.5
U12868,0.5
U12869,0.5
U12874,0.5
U12875,0.5
U12878,0.5
U12879,0.5
U12888,0.5
U12889,0.5
U12893,0.5
U12894,0.5
U12897,0.5
U12898,0.5
U12901,0.5
U12902,0.5
U12905,0.5
U12906,0.5
U12909,0.5
U12910,0.5
U12917,0.5
U12918,0.5
U12925,0.5
U12926,0.5
U12929,0.5
U12930,0.5
U12933,0.5
U12934,0.5
U12937,0.5
U12938,0.5
U12942,0.5
U12943,0.5
U12946,0.5
U12947,0.5
U12951,0.5
U12952,0.5
U12955,0.5
U12956,0.5
U12960,0.5
U12961,0.5
U12964,0.5
U12965,0.5
U12968,0.5
U12969,0.5
U12973,0.5
U12974,0.5
U12977,0.5
U12978,0.5
U12982,0.5
U12983,0.5
U12986,0.5
U12987,0.5
U12991,0.5
U12992,0.5
U12995,0.5
U12996,0.5
U13000,0.5
U13001,0.5
U13009,0.5
U13010,0.5
U13014,0.5
U13015,0.5
U13018,0.5
U13019,0.5
U13023,0.5
U13024,0.5
U13035,0.5
U13036,0.5
U13050,0.5
U13051,0.5
U13055,0.5
U13056,0.5
U13059,0.5
U13060,0.5
U13065,0.5
U13066,0.5
U13071,0.5
U13072,0.5
U13081,0.5
U13082,0.5
U13087,0.5
U13088,0.5
U13091,0.5
U13092,0.5
U13095,0.5
U13096,0.5
U13099,0.5
U13100,0.5
U13104,0.5
U13105,0.5
U13108,0.5
U13109,0.5
U13113,0.5
U13114,0.5
U13117,0.5
U13118,0.5
U13123,0.5
U13124,0.5
U13128,0.5
U13129,0.5
U13133,0.5
U13134,0.5
U13138,0.5
U13139,0.5
U13142,0.5
U13143,0.5
U13146,0.5
U13147,0.5
U13150,0.5
U13151,0.5
U13154,0.5
U13155,0.5
U13158,0.5
U13159,0.5
U13162,0.5
U13163,0.5
U13166,0.5
U13167,0.5
U13170,0.5
U13171,0.5
U13176,0.5
U13177,0.5
U13181,0.5
U13182,0.5
U13186,0.5
U13187,0.5
U13190,0.5
U13191,0.5
U13195,0.5
U13196,0.5
U13199,0.5
U13200,0.5
U13204,0.5
U13205,0.5
U13209,0.5
U13210,0.5
U13213,0.5
U13214,0.5
U13225,0.5
U13226,0.5
U13233,0.5
U13234,0.5
U13237,0.5
U13238,0.5
U13243,0.5
U13244,0.5
U13247,0.5
U13248,0.5
U13252,0.5
U13253,0.5
U13256,0.5
U13257,0.5
U13261,0.5
U13262,0.5
U13265,0.5
U13266,0.5
U13269,0.5
U13270,0.5
U13273,0.5
U13274,0.5
U13319,0.5
U13320,0.5
U13325,0.5
U13326,0.5
U13330,0.5
U13331,0.5
U13335,0.5
U13336,0.5
U13339,0.5
U13340,0.5
U13351,0.5
U13352,0.5
U13355,0.5
U13356,0.5
U13359,0.5
U13360,0.5
U13363,0.5
U13364,0.5
U13367,0.5
U13368,0.5
U13372,0.5
U13373,0.5
U13376,0.5
U13377,0.5
U13381,0.5
U13382,0.5
U13387,0.5
U13388,0.5
U13392,0.5
U13393,0.5
U13409,0.5
U13410,0.5
U13413,0.5
U13414,0.5
U13417,0.5
U13418,0.5
U13421,0.5
U13422,0.5
U13433,0.5
U13434,0.5
U13441,0.5
U13442,0.5
U13445,0.5
U13446,0.5
U13458,0.5
U13459,0.5
U13463,0.5
U13464,0.5
U13467,0.5
U13468,0.5
U13476,0.5
U13477,0.5
U13480,0.5
U13481,0.5
U13484,0.5
U13485,0.5
U13494,0.5
U13495,0.5
U13499,0.5
U13500,0.5
U13505,0.5
U13506,0.5
U13514,0.5
U13515,0.5
U13520,0.5
U13521,0.5
U13525,0.5
U13526,0.5
U13529,0.5
U13530,0.5
U13534,0.5
U13535,0.5
U13539,0.5
U13540,0.5
U13543,0.5
U13544,0.5
U13549,0.5
U13550,0.5
U13553,0.5
U13554,0.5
U13557,0.5
U13558,0.5
U13561,0.5
U13562,0.5
U13574,0.5
U13575,0.5
U13578,0.5
U13579,0.5
U13582,0.5
U13583,0.5
U13587,0.5
U13588,0.5
U13593,0.5
U13594,0.5
U13597,0.5
U13598,0.5
U13603,0.5
U13604,0.5
U13607,0.5
U13608,0.5
U13611,0.5
U13612,0.5
U13615,0.5
U13616,0.5
U13619,0.5
U13620,0.5
U13623,0.5
U13624,0.5
U13627,0.5
U13628,0.5
U13631,0.5
U13632,0.5
U13635,0.5
U13636,0.5
U13639,0.5
U13640,0.5
U13644,0.5
U13645,0.5
U13648,0.5
U13649,0.5
U13656,0.5
U13657,0.5
U13661,0.5
U13662,0.5
U13665,0.5
U13666,0.5
U13671,0.5
U13672,0.5
U13676,0.5
U13677,0.5
U13680,0.5
U13681,0.5
U13685,0.5
U13686,0.5
U13700,0.5
U13701,0.5
U13704,0.5
U13705,0.5
U13708,0.5
U13709,0.5
U13712,0.5
U13713,0.5
U13721,0.5
U13722,0.5
U13726,0.5
U13727,0.5
U13730,0.5
U13731,0.5
U13747,0.5
U13748,0.5
U13755,0.5
U13756,0.5
U13760,0.5
U13761,0.5
U13775,0.5
U13776,0.5
U13789,0.5
U13790,0.5
U13795,0.5
U13796,0.5
U13803,0.5
U13804,0.5
U13811,0.5
U13812,0.5
U13847,0.5
U13848,0.5
U13855,0.5
U13856,0.5
U13860,0.5
U13861,0.5
U13882,0.5
U13883,0.5
U13886,0.5
U13887,0.5
U13891,0.5
U13892,0.5
U13896,0.5
U13897,0.5
U13900,0.5
U13901,0.5
U13904,0.5
U13905,0.5
U13912,0.5
U13913,0.5
U13916,0.5
U13917,0.5
U13921,0.5
U13922,0.5
U13930,0.5
U13931,0.5
U13934,0.5
U13935,0.5
U13939,0.5
U13940,0.5
U13955,0.5
U13956,0.5
U13959,0.5
U13960,0.5
